{
    "accuracy": 0.5409768778218634,
    "positive_class": {
        "precision": 0.5602110490378647,
        "recall": 0.8738804163640765
    }
}