{
    "accuracy": 0.5524695580790806,
    "unhelpful": {
        "precision": 0,
        "recall": 0.0
    },
    "helpful": {
        "precision": 0.5554325259515571,
        "recall": 0.9886671593988667
    },
    "neutral": {
        "precision": 0.2976190476190476,
        "recall": 0.011775788977861516
    },
    "macro_avg": {
        "precision": 0.28435052452353493,
        "recall": 0.33348098279224275
    }
}