{
    "accuracy": 0.5684772198659187,
    "positive_class": {
        "precision": 0.5704397981254506,
        "recall": 0.9576373759380296
    }
}